<?xml version="1.0" encoding="UTF-8"?><MD_Metadata xmlns:gts="http://www.isotc211.org/2005/gts" xmlns:gco="http://www.isotc211.org/2005/gco" xmlns:xalan="http://xml.apache.org/xalan" xmlns:srv="http://www.isotc211.org/2005/srv" xmlns:gmx="http://www.isotc211.org/2005/gmx" xmlns:xlink="http://www.w3.org/1999/xlink" xmlns:xsi="http://www.w3.org/2001/XMLSchema-instance" xmlns:gml="http://www.opengis.net/gml" xmlns="http://www.isotc211.org/2005/gmd">
    <characterSet>
        <MD_CharacterSetCode codeList="http://www.isotc211.org/2005/resources/Codelist/gmxCodelists.xml#MD_CharacterSetCode" codeListValue="utf8" codeSpace="ISOTC211/19115">utf8</MD_CharacterSetCode>
    </characterSet>
    <hierarchyLevel>
        <MD_ScopeCode codeList="http://www.isotc211.org/2005/resources/Codelist/gmxCodelists.xml#MD_ScopeCode" codeListValue="dataset" codeSpace="ISOTC211/19115">dataset</MD_ScopeCode>
    </hierarchyLevel>
    <hierarchyLevelName>
        <gco:CharacterString>dataset</gco:CharacterString>
    </hierarchyLevelName>
    <contact gco:nilReason="missing"/>
    <dateStamp gco:nilReason="missing"/>
    <metadataStandardName>
        <gco:CharacterString>ISO 19139 Geographic Information - Metadata - Implementation Specification</gco:CharacterString>
    </metadataStandardName>
    <metadataStandardVersion>
        <gco:CharacterString>2007</gco:CharacterString>
    </metadataStandardVersion>
    <identificationInfo>
        <MD_DataIdentification>
            <citation gco:nilReason="missing"/>
            <abstract>
                <gco:CharacterString> Two Access To Opportunity (ATO) scores attempt to convey the localized variation of         a) the Accessibility of Households to Jobs, and      b) the Accessibility of Workplaces to Workers      for the Wasatch Front Metro area which includes the Salt Lake City, West Valley, Layton, Ogden, Provo, Orem (Brigham City to Santaquin). Measures are available for auto and transit travel; for  projection years 2019, 2030, 2040, and 2050; and are available from the perspective of job seeking households ('a' above) or workplaces seeking employees ('b' above). Field names and descriptions of field values are presented below.       When factored together into a composite metric, the result includes both the amount of nearby opportunity for job seekers, and, the pool of nearby workers from which employer locations can draw. To illustrate the difference, residents near I-15 in the Salt Lake City CBD have the highest accessibility of households to jobs, while locations in Taylorsville have the highest accessibility of workplaces to workers. An overall regionwide ATO metric can also be computed representing the number of non-home-based jobs accessible to the average Wasatch Front household. Since this latter metric considers the whole region and is not impacted by localized household and job distribution, the households to jobs and employment locations to household metrics have the same value.      The WFRC/MAG model environment uses state of the art software (UrbanSim and Citilabs Cube) calibrated to our region, together with real world data sources including:                  household and job estimates from the University of Utah Gardner Policy Institute         job locations from the Utah Department of Workforce Services         local government determined land use and zoning designations         property valuation from County Assessors, and          household travel behavior indicators from the Utah Travel Study.             Areas within the metropolitan planning area without households or jobs (such as parks or undeveloped land) were excluded when calculating the ATO averages.       During the ATO calculations, travel sheds out from each location are determined in a manner consistent with typical commuting travel behavior within the region, as sourced from the 2012 Utah Travel Study (UTS). The ATO job and household totals, as indicated below in the field descriptions, employ a distance decay function that full counts jobs that are immediately nearby and increasingly discounts occurrences that are farther away. The distance decay curve is similarly informed by the 2012 UTS.         ----------       Field Descriptions       --------          · HH_19 = Count of households estimated within each TAZ in 2019      · JOB_19 = Count of non-home-based jobs estimated within each TAZ in 2019         · JOBAUTO_19 = Nearby jobs accessible to each TAZ's households, by automobile in 2019(using an average of AM PM travel costs). A distance decay function is used to fully count jobs nearest the TAZ and discount other jobs more, the further away they are from the TAZ.          · HHAUTO_19 = Nearby households accessible to each TAZ's workplaces, by automobile in 2019 (using an average of AM PM travel costs). A distance decay function is used to fully count households nearest the TAZ and discount other households more, the further away they are from the TAZ.          · COMPAUTO_19 = Combines the measures in JOBAUTO_19 and HHAUTO_19 into composite ATO score for the TAZ, for automobile travel in 2019.  The composite score weights each input according to a jobs/household ratio.         · JOBTRANSIT_19 = Nearby jobs accessible to each TAZ's households, by transit in 2019(using an average of AM PM travel costs). A distance decay function is used to fully count jobs nearest the TAZ and discount other jobs more, the further away they are from the TAZ.          · HHTRANSIT_19 = Nearby households accessible to each TAZ's workplaces, by transit in 2019 (using an average of AM PM travel costs). A distance decay function is used to fully count households nearest the TAZ and discount other households more, the further away they are from the TAZ.          · COMPTRANSIT_19 = Combines the measures in JOBTRANSIT_19 and HHTRANSIT_19 into composite ATO score for the TAZ, for transit travel in 2019.  The composite score weights each input according to a jobs/household ratio.   · HH_30 = Count of households estimated within each TAZ in 2030      · JOB_30 = Count of non-home-based jobs estimated within each TAZ in 2030         · JOBAUTO_30 = Nearby jobs accessible to each TAZ's households, by automobile in 2030(using an average of AM PM travel costs). A distance decay function is used to fully count jobs nearest the TAZ and discount other jobs more, the further away they are from the TAZ.          · HHAUTO_30 = Nearby households accessible to each TAZ's workplaces, by automobile in 2030 (using an average of AM PM travel costs). A distance decay function is used to fully count households nearest the TAZ and discount other households more, the further away they are from the TAZ.          · COMPAUTO_30 = Combines the measures in JOBAUTO_30 and HHAUTO_30 into composite ATO score for the TAZ, for automobile travel in 2030.  The composite score weights each input according to a jobs/household ratio.         · JOBTRANSIT_30 = Nearby jobs accessible to each TAZ's households, by transit in 2030(using an average of AM PM travel costs). A distance decay function is used to fully count jobs nearest the TAZ and discount other jobs more, the further away they are from the TAZ.          · HHTRANSIT_30 = Nearby households accessible to each TAZ's workplaces, by transit in 2030 (using an average of AM PM travel costs). A distance decay function is used to fully count households nearest the TAZ and discount other households more, the further away they are from the TAZ.          · COMPTRANSIT_30 = Combines the measures in JOBTRANSIT_30 and HHTRANSIT_30 into composite ATO score for the TAZ, for transit travel in 2030.  The composite score weights each input according to a jobs/household ratio.   · HH_40 = Count of households estimated within each TAZ in 2040      · JOB_40 = Count of non-home-based jobs estimated within each TAZ in 2040         · JOBAUTO_40 = Nearby jobs accessible to each TAZ's households, by automobile in 2040(using an average of AM PM travel costs). A distance decay function is used to fully count jobs nearest the TAZ and discount other jobs more, the further away they are from the TAZ.          · HHAUTO_40 = Nearby households accessible to each TAZ's workplaces, by automobile in 2040 (using an average of AM PM travel costs). A distance decay function is used to fully count households nearest the TAZ and discount other households more, the further away they are from the TAZ.          · COMPAUTO_40 = Combines the measures in JOBAUTO_40 and HHAUTO_40 into composite ATO score for the TAZ, for automobile travel in 2040.  The composite score weights each input according to a jobs/household ratio.         · JOBTRANSIT_40 = Nearby jobs accessible to each TAZ's households, by transit in 2040(using an average of AM PM travel costs). A distance decay function is used to fully count jobs nearest the TAZ and discount other jobs more, the further away they are from the TAZ.          · HHTRANSIT_40 = Nearby households accessible to each TAZ's workplaces, by transit in 2040 (using an average of AM PM travel costs). A distance decay function is used to fully count households nearest the TAZ and discount other households more, the further away they are from the TAZ.          · COMPTRANSIT_40 = Combines the measures in JOBTRANSIT_40 and HHTRANSIT_40 into composite ATO score for the TAZ, for transit travel in 2040.  The composite score weights each input according to a jobs/household ratio.               · HH_50 = Count of households estimated within each TAZ in 2050               · JOB_50 = Count of non-home-based jobs estimated within each TAZ in 2050               · JOBAUTO_50 = Nearby jobs accessible to each TAZ's households, by automobile in 2050 (using an average of AM PM travel costs). A distance decay function is used to fully count jobs nearest the TAZ and discount other jobs more, the further away they are from the TAZ.                · HHAUTO_50 = Nearby households accessible to each TAZ's workplaces, by automobile in 2050 (using an average of AM PM travel costs). A distance decay function is used to fully count households nearest the TAZ and discount other households more, the further away they are from the TAZ.                · COMPAUTO_50 = Combines the measures in JOBAUTO_50 and HHAUTO_50 into composite ATO score for the TAZ, for automobile travel in 2050.  The composite score weights each input according to a jobs/household ratio.               · JOBTRANSIT_50 = Nearby jobs accessible to each TAZ's households, by transit in 2050 (using an average of AM PM travel costs). A distance decay function is used to fully count jobs nearest the TAZ and discount other jobs more, the further away they are from the TAZ.                · HHTRANSIT_50 = Nearby households accessible to each TAZ's workplaces, by transit in 2050 (using an average of AM PM travel costs). A distance decay function is used to fully count households nearest the TAZ and discount other households more, the further away they are from the TAZ.                · COMPTRANSIT_50 = Combines the measures in JOBTRANSIT_50 and HHTRANSIT_50 into composite ATO score for the TAZ, for transit travel in 2050.  The composite score weights each input according to a jobs/household ratio.               ---------- </gco:CharacterString>
            </abstract>
            <purpose>
                <gco:CharacterString>Access to Opportunities (Work-related, Taz-based). Updated August 2020.</gco:CharacterString>
            </purpose>
            <credit>
                <gco:CharacterString>WFRC</gco:CharacterString>
            </credit>
            <descriptiveKeywords>
                <MD_Keywords>
                    <keyword>
                        <gco:CharacterString>ATO</gco:CharacterString>
                    </keyword>
                    <keyword>
                        <gco:CharacterString>WFRC</gco:CharacterString>
                    </keyword>
                    <keyword>
                        <gco:CharacterString>Accessibility</gco:CharacterString>
                    </keyword>
                </MD_Keywords>
            </descriptiveKeywords>
            <language gco:nilReason="missing"/>
            <characterSet>
                <MD_CharacterSetCode codeList="http://www.isotc211.org/2005/resources/Codelist/gmxCodelists.xml#MD_CharacterSetCode" codeListValue="utf8" codeSpace="ISOTC211/19115">utf8</MD_CharacterSetCode>
            </characterSet>
        </MD_DataIdentification>
    </identificationInfo>
</MD_Metadata>
